0,1,2,3,4,5,6,7,8,9,10,11,12,13,14,15,16,17,18,19,20,21,22,23,24,25,26,27,28,29,30
REKAP PAYMENT,,,,,,,,,,,,,,,,,,,,,,,,,,,,,,
No,Tanggal,,Keterangan,,,Jumlah,,,,,,,,,,,,,,,,,,,,,,,,
1,465,Ongkos Angkut AMP LPG/25 - 28 Nov 2025,,,,38750000,,,,,,,,,,,,,,,,,,,,,,,,
,,PPh 23 ,,8002500392404532.0,01/12/2025,-775000,,,,,,,,,,,,,,,,,,,,,,,,
,,SUSUT AMP/413 L,,,,-6256950,,,,,,,,,,,,,,,,,,,,,,,,
2,468,Ongkos Angkut AMP LPG/28-29 Nov 2025,,,,15500000,,,,,,,,,,,,,,,,,,,,,,,,
,,PPh 23 ,,8002500394740386.0,02/12/2025,-310000,,,,,,,,,,,,,,,,,,,,,,,,
,,SUSUT AMP/251 L,,,,-3802650,,,,,,,,,,,,,,,,,,,,,,,,
3,471,Ongkos Angkut AMP LPG/29 Nov - 5 DES 2025,,,,54250000,,,,,,,,,,,,,,,,,,,,,,,,
,,PPh 23 ,,8002500402315913.0,08/12/2025,-1085000,,,,,,,,,,,,,,,,,,,,,,,,
,,SUSUT AMP/88 L,,,,-1333200,,,,,,,,,,,,,,,,,,,,,,,,
,,SUSUT AMP/595 L,,,,-8954750,,,,,,,,,,,,,,,,,,,,,,,,
4,477,Ongkos Angkut AMP LPG/07 DES 2025,,,,31000000,,,,,,,,,,,,,,,,,,,,,,,,
,,PPh 23 ,,8002500408049127.0,10/12/2025,-620000,,,,,,,,,,,,,,,,,,,,,,,,
,,SUSUT AMP/449 L,,,,-6757450,,,,,,,,,,,,,,,,,,,,,,,,
,,,,,,,,,,,,,,,,,,,,,,,,,,,,,,
,,,,,,,,,,,,,,,,,,,,,,,,,,,,,,
,,,,,,,,,,,,,,,,,,,,,,,,,,,,,,
,,,,,TOTAL,109605000,,,,,,,,,,,,,,,,,,,,,,,,
,,,,,,,,,,,,,,,,,,,,,,,,,,,,,,
Terlampir bukti-bukti pendukung pembayaran ini,,,,,,,,,,,,,,,,,,,,,,,,,,,,,,
Mohon Transfer ke:,,,,,,,,,,,,,,,,,,,,,,,,,,,,,,
BRI,,,,,,,,,,,,,,,,,,,,,,,,,,,,,,
NO Rek:,013001002256309,,,,,,,,,,,,,,,,,,,,,,,,,,,,,
a/n ,PT. HIJAU SEJAHTERA BERSAMA,,,,,,,,,,,,,,,,,,,,,,,,,,,,,
Bayar tgl : 12 Januari 2026,,,,,,,,,,,,,,,,,,,,,,,,,,,,,,
,,,,,,,,,,,,,,,,,,,,,,,,,,,,,,
,,,,,,,,,,,,,,,,,,,,,,,,,,,,,,
,,,,,,,,,,,,,,,,,,,,,,,,,,,,,,
,,,,,,,,,,,,,,,,,,,,,,,,,,,,,,
No,Tanggal,,Keterangan,,,Jumlah,,No,Tanggal,,Keterangan,,,Jumlah,,No,Tanggal,,Keterangan,,,Jumlah,,No,Tanggal,,Keterangan,,,Jumlah
1,479,Ongkos Angkut AMP LPG/05 - 09 Des 2025,,,,46500000,,1,008,Ongkos Angkut AMP LPG/31 Des 2025,,,,31000000,,1,017,Ongkos Angkut AMP LPG/14 Jan 2026,,,,7750000,,1,024,Ongkos Angkut AMP/WMK LPG/27-28 JAN 2026,,,,48750000
,,PPh 23 ,,8002500410919941.0,12/12/2025,-930000,,,,PPh 23 ,,8002600002426461.0,08/01/2026,-620000,,,,PPh 23 ,,8002600010640907.0,20/01/2026,-155000,,,,PPh 23 ,,8002600028146557.0,03/02/2026,-975000
,,SUSUT AMP/251 L,,,,-3777550,,,,SUSUT AMP/290 L,,,,-4364500,,,019,Ongkos Angkut AMP LPG/14-25 Jan 2026,,,,147250000,,,,SUSUT AMP/534 L,,,,-7876500
2,482,Ongkos Angkut AMP LPG/11 Des 2025,,,,31000000,,2,010,Ongkos Angkut AMP LPG/07 Jan 2026,,,,62000000,,2,,PPh 23 ,,8002600017906275.0,27/01/2026,-2945000,,,,SUSUT WMK/211 L,,,,-2996200
,,PPh 23 ,,8002500414558717.0,15/12/2025,-620000,,,,PPh 23 ,,8002600004545082.0,12/01/2026,-1240000,,,,SUSUT AMP/1372 L,,,,-20237000,,2,025,Ongkos Angkut AMP LPG/30-31 JAN 2026,,,,46500000
3,488,Ongkos Angkut AMP LPG/19 - 23 Des 2025,,,,93000000,,,,SUSUT AMP/443 L,,,,-6534250,,,,,,,,,,,,PPh 23 ,,8002600029419391.0,05/02/2026,-930000
,,PPh 23 ,,8002500433402050.0,27/12/2025,-1860000,,3,011,Ongkos Angkut AMP LPG/09-12 Jan 2026,,,,23250000,,3,,,,,,,,,,SUSUT AMP/378 L,,,,-5575500
,,SUSUT AMP/901 L,,,,-13560050,,,,PPh 23 ,,8012600007272543.0,15/01/2026,-465000,,,,,,,,,,3,026,Ongkos Angkut AMP LPG/05 FEB 2026,,,,23250000
4,489,Ongkos Angkut AMP LPG/23-28 Des 2025,,,,38750000,,,,SUSUT AMP/199 L,,,,-2935250,,,,,,,,,,,,PPh 23 ,,8002600032468239.0,09/02/2026,-465000
,,PPh 23 ,,8002500434158715.0,31/12/2025,-775000,,,,,,,,,,,,,,,,,,,,SUSUT AMP/282 L,,,,-4272300
,,SUSUT AMP/525 L,,,,-7901250,,,,,,,,,,,,,,,TOTAL,131663000,,4,,,,,,
5,005,Ongkos Angkut AMP LPG/28 Des 2025,,,,7750000,,,,,,,TOTAL,100091000,,,,,,,,,,,,,,,,
,,PPh 23 ,,8002600000229627.0,02/01/2026,-155000,,,,,,,,,,Terlampir bukti-bukti pendukung pembayaran ini,,,,,,,,,,,,,,
,,SUSUT AMP/69 L,,,,-1038450,,Terlampir bukti-bukti pendukung pembayaran ini,,,,,,,,Mohon Transfer ke:,,,,,,,,,,,,,TOTAL,95409500
6,007,Ongkos Angkut AMP LPG/31 Des 2025,,,,15500000,,Mohon Transfer ke:,,,,,,,,BRI,,,,,,,,,,,,,,
,,PPh 23 ,,8002600000459721.0,05/01/2026,-310000,,BRI,,,,,,,,NO Rek:,013001002256309,,,,,,,Terlampir bukti-bukti pendukung pembayaran ini,,,,,,
,,,,,,,,NO Rek:,013001002256309,,,,,,,a/n ,PT. HIJAU SEJAHTERA BERSAMA,,,,,,,Mohon Transfer ke:,,,,,,
,,,,,TOTAL,201572700,,a/n ,PT. HIJAU SEJAHTERA BERSAMA,,,,,,,Bayar tgl : 02 Maret 2026,,,,,,,,BRI,,,,,,
,,,,,,,,Bayar tgl : 19 Februari 2026,,,,,,,,,,,,,,,,NO Rek:,013001002256309,,,,,
Terlampir bukti-bukti pendukung pembayaran ini,,,,,,,,,,,,,,,,,,,,,,,,a/n ,PT. HIJAU SEJAHTERA BERSAMA,,,,,
Mohon Transfer ke:,,,,,,,,,,,,,,,,,,,,,,,,Bayar tgl : 16 Maret 2026,,,,,,
BRI,,,,,,,,,,,,,,,,,,,,,,,,,,,,,,
NO Rek:,013001002256309,,,,,,,,,,,,,,,,,,,,,,,,,,,,,
a/n ,PT. HIJAU SEJAHTERA BERSAMA,,,,,,,,,,,,,,,,,,,,,,,,,,,,,
Bayar tgl : 09 Februari 2026,,,,,,,,,,,,,,,,,,,,,,,,,,,,,,
,,,,,,,,,,,,,,,,,,,,,,,,,,,,,,
,,,,,,,,,,,,,,,,,,,,,,,,,,,,,,
,,,,,,,,,,,,,,,,,,,,,,,,,,,,,,
,,,,,,,,,,,,,,,,,,,,,,,,,,,,,,
No,Tanggal,,Keterangan,,,Jumlah,,No,Tanggal,,Keterangan,,,Jumlah,,No,Tanggal,,Keterangan,,,Jumlah,,No,Tanggal,,Keterangan,,,Jumlah
1,026,Ongkos Angkut AMP LPG/12-14 FEB 2026,,,,100750000,,1,050,Ongkos Angkut AMP LPG/9 APR 2026,,,,15500000,,1,057,Ongkos Angkut AMP LPG/13 APR 2026,,,,15500000,,1,077,Ongkos Angkut WMK LPG/APR 2026,,,,12000000
,,PPh 23 ,,8012600051874865.0,18/02/2026,-2015000,,,,PPh 23 ,,8002600128379788.0,14/04/2026,-310000,,,,PPh 23 ,,8002600133516529.0,16/04/2026,-310000,,,,PPh 23 ,,8002600151713875.0,02/05/2026,-240000
,,SUSUT AMP/764 L,,,,-11574600,,,,SUSUT AMP/121 L,,,,-3575550,,,,SUSUT AMP/94 L,,,,-2777700,,2,081,Ongkos Angkut AMP BKI/MEI 2026,,,,20000000
4,,,,,,,,2,051,Ongkos Angkut AMP LPG/9 APR 2026,,,,7750000,,2,058,Ongkos Angkut AMP LPG/13 APR 2026,,,,15500000,,,,PPh 23 ,,8002600163793118.0,08/05/2026,-400000
,,,,,,,,,,PPh 23 ,,8002600128406659.0,14/04/2026,-155000,,,,PPh 23 ,,8002600133519566.0,16/04/2026,-310000,,3,083,Ongkos Angkut WMK LPG/MEI 2026,,,,6000000
,,,,,,,,,,SUSUT AMP/74 L,,,,-2186700,,,,SUSUT AMP/176 L,,,,-5200800,,,,PPh 23 ,,8002600163811278.0,08/05/2026,-120000
,,,,,,,,3,052,Ongkos Angkut AMP LPG/9 APR 2026,,,,7750000,,3,059,Ongkos Angkut AMP LPG/13 APR 2026,,,,15500000,,,,,,,,
,,,,,,,,,,PPh 23 ,,8002600128427829.0,14/04/2026,-155000,,,,PPh 23 ,,8002600133522537.0,16/04/2026,-310000,,,,,,,,
,,,,,TOTAL,87160400,,4,053,Ongkos Angkut AMP LPG/9 APR 2026,,,,7750000,,4,060,Ongkos Angkut AMP LPG/13 APR 2026,,,,7750000,,,,,,,,
,,,,,,,,,,PPh 23 ,,8002600128450988.0,14/04/2026,-155000,,,,PPh 23 ,,8002600133525498.0,16/04/2026,-155000,,,,,,,TOTAL,37240000
Terlampir bukti-bukti pendukung pembayaran ini,,,,,,,,,,SUSUT AMP/39 L,,,,-1152450,,,,,,,,,,,,,,,,
Mohon Transfer ke:,,,,,,,,5,054,Ongkos Angkut AMP LPG/9 APR 2026,,,,7750000,,,,,,,,,,Terlampir bukti-bukti pendukung pembayaran ini,,,,,,
BRI,,,,,,,,,,PPh 23 ,,8002600128479600.0,14/04/2026,-155000,,,,,,,,,,Mohon Transfer ke:,,,,,,
NO Rek:,013001002256309,,,,,,,,,,,,,,,,,,,,TOTAL,45186500,,BRI,,,,,,
a/n ,PT. HIJAU SEJAHTERA BERSAMA,,,,,,,,,,,,,,,,,,,,,,,NO Rek:,013001002256309,,,,,
Bayar tgl : 30 Maret 2026,,,,,,,,,,,,,,,,Terlampir bukti-bukti pendukung pembayaran ini,,,,,,,,a/n ,PT. HIJAU SEJAHTERA BERSAMA,,,,,
,,,,,,,,,,,,,TOTAL,38655300,,Mohon Transfer ke:,,,,,,,,Bayar tgl : 15 Juni  2026,,,,,,
,,,,,,,,,,,,,,,,BRI,,,,,,,,,,,,,,
,,,,,,,,Terlampir bukti-bukti pendukung pembayaran ini,,,,,,,,NO Rek:,013001002256309,,,,,,,,,,,,,
,,,,,,,,Mohon Transfer ke:,,,,,,,,a/n ,PT. HIJAU SEJAHTERA BERSAMA,,,,,,,,,,,,,
,,,,,,,,BNI,,,,,,,,Bayar tgl : 25 Mei  2026,,,,,,,,,,,,,,
,,,,,,,,No : 692-2915-57,,,,,,,,,,,,,,,,,,,,,,
,,,,,,,,a/n ,PT. HIJAU SEJAHTERA BERSAMA,,,,,,,,,,,,,,,,,,,,,
,,,,,,,,Bayar tgl : 18 Mei  2026,,,,,,,,,,,,,,,,,,,,,,
,,,,,,,,,,,,,,,,,,,,,,,,,,,,,,
,,,,,,,,,,,,,,,,,,,,,,,,,,,,,,
,,,,,,,,,,,,,,,,,,,,,,,,,,,,,,
,,,,,,,,,,,,,,,,,,,,,,,,,,,,,,
No,Tanggal,,Keterangan,,,Jumlah,,No,Tanggal,,Keterangan,,,Jumlah,,No,Tanggal,,Keterangan,,,Jumlah,,No,Tanggal,,Keterangan,,,Jumlah
1,070,Ongkos Angkut BKI LPG/APR 2026,,,,60000000,,1,129,Ongkos Angkut BKI LPG/JUNI 2026,,,,40000000,,1,145,Ongkos Angkut WMK LPG/JUNI 2026,,,,6000000,,1,150,Ongkos Angkut BKI LPG/JUNI 2026,,,,70000000
,,PPh 23 ,,8002600146864147.0,27/04/2026,-1200000,,,,PPh 23 ,,8002600217034575.0,11/06/2026,-800000,,,,PPh 23 ,,8002600235719243.0,22/06/2026,-120000,,,,PPh 23 ,,8002600241515432.0,29/06/2026,-1400000
,,SUSUT BKI/161 L,,,,-4830000,,2,132,Ongkos Angkut WMK LPG/JUNI 2026,,,,6000000,,,,,,,,,,,,SUSUT BKI/68 L,,,,-1700000
2,074,Ongkos Angkut BKI LPG/APR 2026,,,,40000000,,,,PPh 23 ,,8002600217291300.0,12/06/2026,-120000,,,,,,,,,,2,151,Ongkos Angkut SCK LPG/JUNI 2026,,,,63000000
,,PPh 23 ,,8002600150469840.0,30/04/2026,-800000,,3,135,Ongkos Angkut WMK LPG/JUNI 2026,,,,12000000,,,,,,,,,,,,PPh 23 ,,8002600244607007.0,01/07/2026,-1260000
,,SUSUT BKI/205 L,,,,-6150000,,,,PPh 23 ,,8002600219956899.0,13/06/2026,-240000,,,,,,,,,,,,SUSUT SCK/ 33 L,,,,-828300
3,075,Ongkos Angkut BKI LPG/APR 2026,,,,10000000,,4,136,Ongkos Angkut SCK LPG/JUNI 2026,,,,21000000,,,,,,,,,,3,152,Ongkos Angkut BKI LPG/JUNI 2026,,,,10000000
,,PPh 23 ,,8002600151707172.0,02/05/2026,-200000,,,,PPh 23 ,,8002600219961657.0,13/06/2026,-420000,,,,,,,TOTAL,5880000,,,,PPh 23 ,,8002600244525588.0,01/07/2026,-200000
4,076,Ongkos Angkut SCK LPG/APR 2026,,,,10500000,,5,137,Ongkos Angkut BKI LPG/JUNI 2026,,,,10000000,,,,,,,,,,4,155,Ongkos Angkut BKI LPG/JUNI 2026,,,,50000000
,,PPh 23 ,,8002600151710926.0,02/05/2026,-210000,,,,PPh 23 ,,8002600219967539.0,13/06/2026,-200000,,Terlampir bukti-bukti pendukung pembayaran ini,,,,,,,,,,PPh 23 ,,8012600248848810.0,03/07/2026,-1000000
5,079,Ongkos Angkut BKI LPG/APR 2026,,,,50000000,,,,SUSUT BKI/ 36 L,,,,-900000,,Mohon Transfer ke:,,,,,,,,,,SUSUT BKI/ 35 L,,,,-875000
,,PPh 23 ,,8002600155130168.0,05/05/2026,-1000000,,6,140,Ongkos Angkut BKI LPG/JUNI 2026,,,,30000000,,BRI,,,,,,,,5,157,Ongkos Angkut SCK LPG/JUNI 2026,,,,21000000
6,082,Ongkos Angkut SCK LPG/APR 2026,,,,21000000,,,,PPh 23 ,,8002600228643094.0,18/06/2026,-600000,,NO Rek:,013001002256309,,,,,,,,,PPh 23 ,,8002600248869336.0,03/07/2026,-420000
,,PPh 23 ,,8002600163797374.0,02/05/2026,-420000,,,,SUSUT BKI/ 41 L,,,,-1025000,,a/n ,PT. HIJAU SEJAHTERA BERSAMA,,,,,,,,,,,,,
,,,,,,,,7,141,Ongkos Angkut SCK LPG/JUNI 2026,,,,31500000,,Bayar tgl : 03 Agustus  2026,,,,,,,,,,,,,,
,,,,,TOTAL,176690000,,,,PPh 23 ,,8002600228665228.0,18/06/2026,-630000,,,,,,,,,,,,,,,TOTAL,206316700
,,,,,,,,,,,,,,,,,,,,,,,,,,,,,,
Terlampir bukti-bukti pendukung pembayaran ini,,,,,,,,,,,,,TOTAL,145565000,,,,,,,,,,Terlampir bukti-bukti pendukung pembayaran ini,,,,,,
Mohon Transfer ke:,,,,,,,,,,,,,,,,,,,,,,,,Mohon Transfer ke:,,,,,,
BRI,,,,,,,,Terlampir bukti-bukti pendukung pembayaran ini,,,,,,,,,,,,,,,,BRI,,,,,,
NO Rek:,013001002256309,,,,,,,Mohon Transfer ke:,,,,,,,,,,,,,,,,NO Rek:,013001002256309,,,,,
a/n ,PT. HIJAU SEJAHTERA BERSAMA,,,,,,,BRI,,,,,,,,,,,,,,,,a/n ,PT. HIJAU SEJAHTERA BERSAMA,,,,,
Bayar tgl : 15 Juni  2026,,,,,,,,NO Rek:,013001002256309,,,,,,,,,,,,,,,Bayar tgl : 03 Agustus  2026,,,,,,
,,,,,,,,a/n ,PT. HIJAU SEJAHTERA BERSAMA,,,,,,,,,,,,,,,,,,,,,
,,,,,,,,Bayar tgl : 20 Juli  2026,,,,,,,,,,,,,,,,,,,,,,
,,,,,,,,,,,,,,,,,,,,,,,,,,,,,,
,,,,,,,,,,,,,,,,,,,,,,,,,,,,,,
No,Tanggal,,Keterangan,,,Jumlah,,No,Tanggal,,Keterangan,,,Jumlah,,No,Tanggal,,Keterangan,,,Jumlah,,No,Tanggal,,Keterangan,,,Jumlah
1,159,Ongkos Angkut BKI LPG/JULI 2026,,,,10000000,,1,163,Ongkos Angkut BKI LPG/JULI 2026,,,,40000000,,1,171,Ongkos Angkut SCK LPG/JULI 2026,,,,21000000,,1,176,Ongkos Angkut BKI LPG/JULI 2026,,,,20000000
,,PPh 23 ,,8002600258189527.0,09/07/2026,-200000,,,,PPh 23 ,,8012600270581643.0,16/07/2026,-800000,,,,PPh 23 ,,8002600280946277.0,20/07/2026,-420000,,,,PPh 23 ,,8002600286952618.0,23/07/2026,-400000
,,,,,,,,,,SUSUT BKI/62 L,,,,-1240000,,2,174,Ongkos Angkut SCK LPG/JULI 2026,,,,21000000,,,,,,,,
,,,,,,,,2,165,Ongkos Angkut SCK LPG/JULI 2026,,,,10500000,,,,PPh 23 ,,8002600283671448.0,21/07/2026,-420000,,,,,,,,
,,,,,,,,,,PPh 23 ,,8002600273712179.0,16/07/2026,-210000,,,,,,,,,,,,,,,,
,,,,,,,,3,168,Ongkos Angkut BKI LPG/JULI 2026,,,,20000000,,,,,,,,,,,,,,,,
,,,,,,,,,,PPh 23 ,,8002600278816846.0,18/07/2026,-400000,,,,,,,,,,,,,,,TOTAL,19600000
,,,,,,,,,,SUSUT BKI/41 L,,,,-820000,,,,,,,TOTAL,41160000,,,,,,,,
,,,,,TOTAL,9800000,,4,169,Ongkos Angkut SCK LPG/JULI 2026,,,,21000000,,,,,,,,,,Terlampir bukti-bukti pendukung pembayaran ini,,,,,,
,,,,,,,,,,PPh 23 ,,8002600278827428.0,18/07/2026,-420000,,Terlampir bukti-bukti pendukung pembayaran ini,,,,,,,,Mohon Transfer ke:,,,,,,
Terlampir bukti-bukti pendukung pembayaran ini,,,,,,,,,,,,,,,,Mohon Transfer ke:,,,,,,,,BRI,,,,,,
Mohon Transfer ke:,,,,,,,,,,,,,,,,BRI,,,,,,,,NO Rek:,013001002256309,,,,,
BRI,,,,,,,,,,,,,,,,NO Rek:,013001002256309,,,,,,,a/n ,PT. HIJAU SEJAHTERA BERSAMA,,,,,
NO Rek:,013001002256309,,,,,,,,,,,,,,,a/n ,PT. HIJAU SEJAHTERA BERSAMA,,,,,,,Bayar tgl : 31 Agustus  2026,,,,,,
a/n ,PT. HIJAU SEJAHTERA BERSAMA,,,,,,,,,,,,TOTAL,87610000,,Bayar tgl : 24 Agustus  2026,,,,,,,,,,,,,,
Bayar tgl : 10 Agustus  2026,,,,,,,,,,,,,,,,,,,,,,,,,,,,,,
,,,,,,,,Terlampir bukti-bukti pendukung pembayaran ini,,,,,,,,,,,,,,,,,,,,,,
,,,,,,,,Mohon Transfer ke:,,,,,,,,,,,,,,,,,,,,,,
,,,,,,,,BRI,,,,,,,,,,,,,,,,,,,,,,
,,,,,,,,NO Rek:,013001002256309,,,,,,,,,,,,,,,,,,,,,
,,,,,,,,a/n ,PT. HIJAU SEJAHTERA BERSAMA,,,,,,,,,,,,,,,,,,,,,
,,,,,,,,Bayar tgl : 17 Agustus  2026,,,,,,,,,,,,,,,,,,,,,,
